-- MySQL dump 10.13  Distrib 8.0.19, for Win64 (x86_64)
--
-- Host: localhost    Database: movielist
-- ------------------------------------------------------
-- Server version	5.5.5-10.4.27-MariaDB

/*!40101 SET @OLD_CHARACTER_SET_CLIENT=@@CHARACTER_SET_CLIENT */;
/*!40101 SET @OLD_CHARACTER_SET_RESULTS=@@CHARACTER_SET_RESULTS */;
/*!40101 SET @OLD_COLLATION_CONNECTION=@@COLLATION_CONNECTION */;
/*!50503 SET NAMES utf8mb4 */;
/*!40103 SET @OLD_TIME_ZONE=@@TIME_ZONE */;
/*!40103 SET TIME_ZONE='+00:00' */;
/*!40014 SET @OLD_UNIQUE_CHECKS=@@UNIQUE_CHECKS, UNIQUE_CHECKS=0 */;
/*!40014 SET @OLD_FOREIGN_KEY_CHECKS=@@FOREIGN_KEY_CHECKS, FOREIGN_KEY_CHECKS=0 */;
/*!40101 SET @OLD_SQL_MODE=@@SQL_MODE, SQL_MODE='NO_AUTO_VALUE_ON_ZERO' */;
/*!40111 SET @OLD_SQL_NOTES=@@SQL_NOTES, SQL_NOTES=0 */;

--
-- Table structure for table `actors`
--

DROP TABLE IF EXISTS `actors`;
/*!40101 SET @saved_cs_client     = @@character_set_client */;
/*!50503 SET character_set_client = utf8mb4 */;
CREATE TABLE `actors` (
  `id` bigint(20) unsigned NOT NULL AUTO_INCREMENT,
  `name` varchar(255) NOT NULL,
  `slug` varchar(255) NOT NULL,
  `gender` varchar(255) NOT NULL,
  `biography` text NOT NULL,
  `date_of_birth` date NOT NULL,
  `place_of_birth` varchar(255) NOT NULL,
  `photo` varchar(255) DEFAULT NULL,
  `popularity` varchar(255) NOT NULL,
  `created_at` timestamp NULL DEFAULT NULL,
  `updated_at` timestamp NULL DEFAULT NULL,
  PRIMARY KEY (`id`),
  UNIQUE KEY `actors_slug_unique` (`slug`)
) ENGINE=InnoDB AUTO_INCREMENT=21 DEFAULT CHARSET=utf8mb4 COLLATE=utf8mb4_unicode_ci;
/*!40101 SET character_set_client = @saved_cs_client */;

--
-- Dumping data for table `actors`
--

LOCK TABLES `actors` WRITE;
/*!40000 ALTER TABLE `actors` DISABLE KEYS */;
INSERT INTO `actors` VALUES (1,'Prof. Madison Hamill MD','nesciunt-ex-rerum-rerum-aspernatur-labore-consequatur-quaerat-eaque','0','Recusandae rem sapiente aut est consequatur at qui praesentium cum qui ut et maiores est sit necessitatibus eum vel repellat neque perferendis dolore fugiat quis in dignissimos et tenetur et itaque veritatis cumque omnis esse at sed sunt ea et libero vitae cum repellendus maxime impedit quae magni voluptatem debitis eligendi quidem saepe ea ad fugiat.','1985-11-21','Lake Anikaport','actor4.jpg','65','2022-12-22 06:45:29','2022-12-22 06:45:29'),(2,'Aurore Rempel','rerum-est-molestiae-ipsum-et-aperiam-earum','1','Ipsam voluptatem cumque consequatur rerum atque ut debitis consectetur in iste beatae esse eligendi cum quam maiores consequatur velit ullam unde quos ut qui maiores laudantium ducimus labore ullam amet expedita quis numquam quidem unde iure amet sint itaque et sit doloribus earum totam dolor libero rerum id voluptatum voluptates modi nam consequatur assumenda accusamus animi explicabo aut ut voluptatem impedit beatae dolores doloribus eligendi commodi sed voluptatum quis omnis eum dolorem odit repellendus voluptatem consequatur sed voluptatibus molestiae quam sit molestiae et libero omnis molestiae ab perferendis odit doloremque nihil quos aperiam et ut cumque repellat.','1987-03-23','Port Colton','actor1.jpg','42','2022-12-22 06:45:29','2022-12-22 06:45:29'),(3,'Francisca Haley','aut-ullam-qui-excepturi-voluptatum-nihil','1','Architecto voluptas omnis nihil iure qui molestiae ea aut cupiditate sed corporis ut officiis totam et a autem aliquam porro sapiente et nemo culpa eum aperiam deserunt atque placeat aperiam ut rerum consequatur ut quia voluptatibus vero est velit quidem ut eaque nesciunt placeat modi dolor culpa saepe voluptate sed iure dolorem nobis ea veritatis iusto accusamus rerum reiciendis cumque magnam voluptatem sit ipsam iure optio explicabo et distinctio enim qui sit non itaque facilis dicta.','2005-10-10','Wiegandfort','actor20.jpg','56','2022-12-22 06:45:29','2022-12-22 06:45:29'),(4,'Greta Kunze','hic-perferendis-porro-voluptas-magnam-aliquid','0','Tenetur inventore maxime est sit sunt magni odio totam voluptatibus et quia et tempora aut quibusdam perspiciatis aut neque ut eveniet illum totam ad molestias reprehenderit optio eum dicta suscipit velit debitis aut praesentium qui animi provident qui ut voluptatem illum animi ad amet perspiciatis fuga in aut illo enim id error doloremque est beatae.','1977-07-16','Harmonyfort','actor2.jpg','54','2022-12-22 06:45:29','2022-12-22 06:45:29'),(5,'Everett Schamberger','pariatur-unde-voluptatem-ea-unde-facere-quia-quia','0','Id nisi et laborum aliquam vel et quisquam nostrum sit rerum dicta sint possimus voluptatem praesentium et laudantium vel suscipit repudiandae dolorem eos ut ab expedita veritatis sequi harum ab sit autem enim ad veritatis aliquid nisi commodi vero amet voluptatum eaque voluptatem ullam numquam neque reiciendis necessitatibus sunt quia non quia nemo quia eius rerum sed rem quisquam optio ut hic quidem sit corrupti nemo quis ipsa ut ullam hic illo qui quidem ratione sunt.','1999-11-22','Keatonburgh','actor18.jpg','42','2022-12-22 06:45:29','2022-12-22 06:45:29'),(6,'Milford Koch DDS','similique-nostrum-eaque-eaque-voluptatibus-omnis','1','Explicabo enim cumque qui itaque quasi earum deleniti autem in voluptates corporis iusto optio quis libero odio aliquam voluptatum molestiae adipisci voluptatem voluptatibus explicabo est ut dolore officiis expedita dolore quia dolore rerum nulla ab eos accusamus quidem alias quae incidunt et enim est facere et numquam distinctio voluptate quo accusantium aperiam est rerum excepturi exercitationem dicta autem nihil est repellendus necessitatibus ut accusamus omnis et velit quidem tenetur perferendis tenetur vitae cupiditate hic ut modi natus et expedita voluptate libero ut amet quasi deleniti eum velit accusantium corrupti velit voluptas quaerat omnis quos maxime adipisci nisi quaerat ratione et ex maiores aut commodi incidunt consequuntur consequatur dicta facilis quae occaecati quod dolorum quod rerum quia et dolorem iusto sunt aut temporibus alias in nesciunt voluptas facilis molestias omnis voluptatum occaecati voluptatum.','1983-02-20','Winfieldmouth','actor4.jpg','42','2022-12-22 06:45:29','2022-12-22 06:45:29'),(7,'Verda Zulauf','ea-corrupti-qui-non-nisi-asperiores','1','Aperiam maiores et esse rerum maiores porro quis in ut sint hic similique eum explicabo earum iure culpa autem dolor in vel vel facilis fugiat qui officiis voluptatem architecto animi expedita qui expedita ut itaque assumenda sint veniam doloremque laudantium tempora quasi ipsum cupiditate illo rerum quia sint numquam sunt sint tenetur unde tempora beatae sequi quasi amet cumque repellendus eos aperiam.','1974-10-05','Port Katelinland','actor6.jpg','61','2022-12-22 06:45:29','2022-12-22 06:45:29'),(8,'Abby Quigley DDS','nihil-nihil-facere-deserunt-vero-accusamus-non','1','Eveniet facere iusto ipsam dolor officiis sed est dolorum quia odio est aut deleniti aperiam molestiae quas voluptas odio et aspernatur dolores ullam voluptas autem itaque velit aliquam laboriosam nihil molestias necessitatibus ut et est occaecati et accusamus voluptatum doloremque.','1991-11-18','Watsicachester','actor8.jpg','83','2022-12-22 06:45:29','2022-12-22 06:45:29'),(9,'Prof. Fernando Stroman DVM','repellat-illum-modi-consequatur-aut-laboriosam-optio','1','Temporibus dolor doloribus numquam vitae consequuntur vel vero ducimus quasi ex facere ipsum nulla sed ipsa corporis doloremque architecto et et quibusdam quia quia sint corporis non aspernatur et vero accusamus ut harum esse molestiae quisquam ipsum rerum quia facilis natus consequatur repellendus maxime doloribus unde culpa ipsum quis et aut harum quis repellat deserunt et nihil dolores sed iusto corporis asperiores enim aut recusandae ut illo assumenda eos quia mollitia aut beatae perferendis quia quasi ut est nisi nemo veritatis beatae molestiae molestiae ullam quis et omnis quo nihil odio officia explicabo rem.','2021-02-05','Oniefurt','actor16.jpg','97','2022-12-22 06:45:29','2022-12-22 06:45:29'),(10,'Cody Langworth','fugit-qui-quis-dignissimos-non-pariatur-natus-ea','0','Quo excepturi omnis sit perferendis nam nesciunt ut numquam sed ipsa non quis facilis facilis consequatur quis et autem praesentium deserunt reiciendis aut dolore quae corporis suscipit excepturi facere dolore dolor enim et et repellendus itaque enim voluptas quo ea qui ut porro est voluptatem et qui quasi eligendi rerum nihil eligendi illo sed ullam eos et eligendi neque vel est sequi id qui dolores repellendus deleniti accusamus ut.','2007-03-08','Port Grayceland','actor12.jpg','61','2022-12-22 06:45:29','2022-12-22 06:45:29'),(11,'Alice Stehr','quo-accusantium-est-adipisci-maiores-quo-quae-consectetur-qui','1','Deleniti commodi provident voluptatem et ratione incidunt esse deleniti iusto eos veritatis porro dolorem repellat ipsum voluptas architecto laudantium rerum quo rerum rerum repellat sint enim ut ullam placeat maxime aliquam doloremque dolore quidem tempora tempore modi voluptates sequi et quia maxime voluptas vel reprehenderit enim minima animi qui alias possimus quisquam vel vel eveniet pariatur labore incidunt repellendus perferendis similique nihil enim et sed voluptas quia facilis et qui voluptatibus reiciendis ipsam aut commodi eos voluptatem eligendi in illo dignissimos voluptatum et reiciendis autem nam distinctio eos quisquam delectus aut dolores quia distinctio similique qui eveniet repellendus sed qui dolorem tempora maxime dolore at molestias consequuntur et omnis sed quia eos qui odio distinctio sit qui est dolore molestiae omnis sed aut accusamus ut consequatur.','1988-07-02','Aufderharside','actor6.jpg','52','2022-12-22 06:45:29','2022-12-22 06:45:29'),(12,'Dr. Fae Douglas II','qui-necessitatibus-suscipit-est','1','Ut officia laborum et consectetur vel adipisci et laborum reprehenderit quia natus officiis illo vel repellendus autem omnis praesentium dolor occaecati unde laudantium voluptate consequatur dolores eos quae quidem consequuntur numquam dignissimos ducimus omnis facilis in vel omnis quo porro eligendi qui.','2011-11-05','Starkland','actor15.jpg','90','2022-12-22 06:45:29','2022-12-22 06:45:29'),(13,'Carmen Goldner III','ut-nobis-quia-saepe','1','Officia saepe modi sunt perferendis quos eum repudiandae quis sunt quo adipisci quasi rerum praesentium eius corporis et sit quos facilis pariatur esse facere recusandae autem ad veritatis facere est natus molestiae dolorem nulla natus iste corrupti mollitia officiis et error cum eligendi velit soluta numquam aut rerum fugit alias soluta inventore aut eveniet quia optio aut excepturi facere id pariatur optio sit quis iure ratione exercitationem qui tempore laudantium.','2019-01-12','North Orie','actor2.jpg','69','2022-12-22 06:45:29','2022-12-22 06:45:29'),(14,'Lukas Lesch','recusandae-quam-quo-non-nostrum-vitae','1','Eveniet omnis sint iure culpa nostrum accusantium et ea voluptatem harum facere et eum harum doloremque nulla ea enim facilis ullam eum facilis rerum sed sit eos distinctio in necessitatibus aliquid voluptatem et quis aut perspiciatis et voluptatum velit adipisci aspernatur qui libero repellat ducimus quisquam soluta possimus nisi et maxime ut cum voluptatem qui enim voluptatem sed odio quia modi odio ullam enim modi harum nesciunt enim rerum est pariatur rerum necessitatibus dolores illum placeat repellat aut.','1985-12-19','East Green','actor5.jpg','55','2022-12-22 06:45:29','2022-12-22 06:45:29'),(15,'Efrain Kshlerin','eum-iure-sapiente-molestias-corporis-quisquam-similique','1','Rem quo delectus id dolorum dolorem ab dolores nulla ab fuga illo itaque natus sit voluptatum sunt voluptates beatae voluptatem quis quaerat nostrum eos rerum quod quis vel sed nulla maiores eum iure voluptatum officia hic nostrum error ratione eum ipsa esse voluptas nihil dolorum eaque quis cumque nihil beatae et quidem quisquam ducimus dolores recusandae ut id molestias odio eligendi iste corporis laudantium est omnis sit maxime quia id aut ut ullam nostrum sit at architecto rem deleniti ut et cum debitis voluptas commodi voluptas harum fuga qui accusantium rem.','1981-03-01','Alisaland','actor17.jpg','41','2022-12-22 06:45:29','2022-12-22 06:45:29'),(16,'Tressa Boyle PhD','enim-quia-ut-facilis-aut','0','Magnam aut aut rem voluptas vero autem a repudiandae minus aut mollitia aut ut ut quo culpa enim deleniti iure accusamus ullam tempore qui fugit voluptatibus qui consequuntur perspiciatis eum vel enim porro voluptate minima ea aut minus et officia delectus ullam est inventore mollitia ipsum eum minus sed doloribus tempore consequuntur vel dolor nihil qui labore incidunt aut ea neque non quis et alias harum cupiditate esse dolores voluptatem quam quisquam necessitatibus accusamus ipsum repellat eos quis rerum reprehenderit earum recusandae blanditiis porro odit ipsam voluptas assumenda iste asperiores nisi et dolorem voluptatem veritatis recusandae.','1978-05-27','Kuvalisstad','actor12.jpg','73','2022-12-22 06:45:29','2022-12-22 06:45:29'),(17,'Dock Runolfsson','dolores-deleniti-debitis-ut','0','Dolores sit animi illo est id nihil blanditiis sit odit est unde harum ullam commodi vitae dolores ut modi dolores est nesciunt eveniet mollitia consequuntur odit neque numquam quod et esse rerum fugit aut odit facere aliquam dicta quod beatae facilis numquam aut voluptatem corrupti illo perferendis enim voluptas dolor aut vel dicta dolorem quaerat et atque accusamus eum illum quis ipsum temporibus sunt eligendi sunt doloribus error et sed dolores unde deleniti veniam aliquid laborum nulla eos ut quibusdam omnis voluptas fuga velit consequatur voluptatem aliquid saepe et deserunt necessitatibus sit distinctio incidunt hic eum fuga nobis et facere quod distinctio est.','2014-07-28','Lake Jodie','actor16.jpg','44','2022-12-22 06:45:29','2022-12-22 06:45:29'),(18,'Rod Hickle','veritatis-in-necessitatibus-sit-sed','1','Ipsam tempora omnis velit autem autem quas quo possimus dolores est id nobis dolor recusandae doloribus provident ut quis consequatur in quidem inventore quis et suscipit non laudantium facilis fuga qui voluptates autem facere temporibus omnis est hic iure ab architecto possimus eveniet quo tenetur in iste dolorum inventore quia quia et asperiores aliquam quo magni voluptas harum enim esse ad temporibus aliquid necessitatibus nemo sit est quia nihil eos fugiat quo vel provident dolorem animi inventore.','2017-10-14','New Mason','actor20.jpg','97','2022-12-22 06:45:29','2022-12-22 06:45:29'),(19,'Kade Wyman','quisquam-vel-quaerat-consequatur-qui-id-quisquam','0','Sunt temporibus vel ducimus nesciunt maiores quaerat voluptatem accusantium deserunt dolor omnis quos nihil delectus ipsam repellendus voluptas sed et enim modi saepe laboriosam soluta doloribus consequatur id non quia nulla recusandae libero qui blanditiis accusantium in.','2021-01-21','New Brownstad','actor17.jpg','82','2022-12-22 06:45:29','2022-12-22 06:45:29'),(20,'Mr. Zakary Ferry','ducimus-et-dolorem-incidunt-sit-occaecati-aut-tenetur-et','0','Facilis sint quos molestias aut mollitia qui beatae dicta placeat soluta velit blanditiis iure rerum aut ea quis impedit non enim sunt in sunt ea nam optio alias dolor laborum voluptate aliquam in velit sed distinctio delectus sunt ipsam nihil maxime recusandae a sint ut corporis maxime perferendis et mollitia rerum quis facere autem ducimus ducimus magnam aperiam occaecati tempore debitis assumenda.','1973-01-24','Rempeltown','actor16.jpg','47','2022-12-22 06:45:29','2022-12-22 06:45:29');
/*!40000 ALTER TABLE `actors` ENABLE KEYS */;
UNLOCK TABLES;

--
-- Table structure for table `genres`
--

DROP TABLE IF EXISTS `genres`;
/*!40101 SET @saved_cs_client     = @@character_set_client */;
/*!50503 SET character_set_client = utf8mb4 */;
CREATE TABLE `genres` (
  `id` bigint(20) unsigned NOT NULL AUTO_INCREMENT,
  `genre` varchar(255) NOT NULL,
  `slug` varchar(255) NOT NULL,
  `created_at` timestamp NULL DEFAULT NULL,
  `updated_at` timestamp NULL DEFAULT NULL,
  PRIMARY KEY (`id`),
  UNIQUE KEY `genres_slug_unique` (`slug`)
) ENGINE=InnoDB AUTO_INCREMENT=7 DEFAULT CHARSET=utf8mb4 COLLATE=utf8mb4_unicode_ci;
/*!40101 SET character_set_client = @saved_cs_client */;

--
-- Dumping data for table `genres`
--

LOCK TABLES `genres` WRITE;
/*!40000 ALTER TABLE `genres` DISABLE KEYS */;
INSERT INTO `genres` VALUES (1,'Action','Action','2022-12-22 06:45:28','2022-12-22 06:45:28'),(2,'Comedy','Comedy','2022-12-22 06:45:28','2022-12-22 06:45:28'),(3,'Drame','Drame','2022-12-22 06:45:28','2022-12-22 06:45:28'),(4,'Horor','Horor','2022-12-22 06:45:28','2022-12-22 06:45:28'),(5,'Romance','Romance','2022-12-22 06:45:28','2022-12-22 06:45:28'),(6,'Adventure','Adventure','2022-12-22 06:45:28','2022-12-22 06:45:28');
/*!40000 ALTER TABLE `genres` ENABLE KEYS */;
UNLOCK TABLES;

--
-- Table structure for table `migrations`
--

DROP TABLE IF EXISTS `migrations`;
/*!40101 SET @saved_cs_client     = @@character_set_client */;
/*!50503 SET character_set_client = utf8mb4 */;
CREATE TABLE `migrations` (
  `id` int(10) unsigned NOT NULL AUTO_INCREMENT,
  `migration` varchar(255) NOT NULL,
  `batch` int(11) NOT NULL,
  PRIMARY KEY (`id`)
) ENGINE=InnoDB AUTO_INCREMENT=7 DEFAULT CHARSET=utf8mb4 COLLATE=utf8mb4_unicode_ci;
/*!40101 SET character_set_client = @saved_cs_client */;

--
-- Dumping data for table `migrations`
--

LOCK TABLES `migrations` WRITE;
/*!40000 ALTER TABLE `migrations` DISABLE KEYS */;
INSERT INTO `migrations` VALUES (1,'2014_10_12_000000_create_users_table',1),(2,'2022_12_20_122208_create_genre_table',1),(3,'2022_12_20_122209_create_actors_table',1),(4,'2022_12_20_122210_create_movies_table',1),(5,'2022_12_20_130845_create_watchlists_table',1),(6,'2022_12_20_161533_create_movie_actors_table',1);
/*!40000 ALTER TABLE `migrations` ENABLE KEYS */;
UNLOCK TABLES;

--
-- Table structure for table `movie_actors`
--

DROP TABLE IF EXISTS `movie_actors`;
/*!40101 SET @saved_cs_client     = @@character_set_client */;
/*!50503 SET character_set_client = utf8mb4 */;
CREATE TABLE `movie_actors` (
  `movie_id` bigint(20) unsigned NOT NULL,
  `actor_id` bigint(20) unsigned NOT NULL,
  `character_name` varchar(255) NOT NULL,
  KEY `movie_actors_movie_id_foreign` (`movie_id`),
  KEY `movie_actors_actor_id_foreign` (`actor_id`),
  CONSTRAINT `movie_actors_actor_id_foreign` FOREIGN KEY (`actor_id`) REFERENCES `actors` (`id`) ON DELETE CASCADE,
  CONSTRAINT `movie_actors_movie_id_foreign` FOREIGN KEY (`movie_id`) REFERENCES `movies` (`id`) ON DELETE CASCADE
) ENGINE=InnoDB DEFAULT CHARSET=utf8mb4 COLLATE=utf8mb4_unicode_ci;
/*!40101 SET character_set_client = @saved_cs_client */;

--
-- Dumping data for table `movie_actors`
--

LOCK TABLES `movie_actors` WRITE;
/*!40000 ALTER TABLE `movie_actors` DISABLE KEYS */;
INSERT INTO `movie_actors` VALUES (15,18,'Dr. Santiago Koepp'),(26,10,'Orlo Breitenberg'),(3,2,'Bell Medhurst'),(40,19,'Valerie Metz'),(17,20,'Mallie Schaefer'),(30,17,'Mrs. Kari Jerde PhD'),(17,9,'Mr. Zachery White MD'),(28,1,'Miss Agnes Casper'),(23,10,'Ricardo Bogisich'),(21,13,'Evie Reilly'),(6,5,'Frieda Lowe'),(33,2,'Ardella Runolfsdottir'),(20,11,'Justina McGlynn'),(39,2,'Mrs. Rosie Ankunding IV'),(20,6,'Gerardo Jacobi'),(5,3,'Kathleen Casper'),(1,5,'Zaria Wehner IV'),(37,19,'Henry Bosco'),(2,5,'Juliana Schuster'),(28,7,'Ms. Kayla Mertz'),(5,6,'Maximillia Smitham'),(14,14,'Enola Pfeffer V'),(1,7,'Stephen Johnston'),(32,10,'Lorenzo Lakin'),(13,1,'Hildegard Schinner'),(15,9,'Stewart Jones'),(39,20,'Rosa Bayer'),(5,15,'Dr. Amely Koch MD'),(16,12,'Ariane Beatty'),(38,16,'Prof. Brown Jacobson'),(7,9,'Jarrell Gusikowski'),(37,4,'Prof. Nona Hand'),(18,5,'Dr. Armando Kozey'),(2,20,'Rosemary Lueilwitz'),(30,15,'Erwin McDermott II'),(20,8,'Prof. Hillard Lesch'),(8,16,'Prof. Darren Hodkiewicz II'),(16,16,'Alfredo Macejkovic'),(14,4,'Jeffrey Cummerata'),(27,13,'Domenica Rippin'),(24,11,'Alyce Donnelly III'),(35,20,'Mrs. Anna Schaefer'),(36,7,'Ola Donnelly'),(12,7,'Dr. Arlie Bauch Jr.'),(15,6,'Mr. Freddie Marvin'),(15,5,'Dr. Crystel Padberg Jr.'),(9,11,'Agnes Reichel'),(34,15,'Arvilla Bergnaum'),(12,3,'Kayleigh Pouros'),(10,20,'Mr. Stanford Hauck'),(3,18,'Jaclyn Gusikowski'),(3,13,'Mr. Duncan Funk'),(31,2,'Marcella Ruecker'),(29,6,'Mr. Dustin Lynch'),(38,8,'Maximilian Labadie'),(38,17,'Mr. Clark Wiegand'),(9,15,'Emil Smith'),(35,18,'Maggie Mann Jr.'),(40,10,'Rhea Gerhold PhD'),(14,6,'Theresia Von');
/*!40000 ALTER TABLE `movie_actors` ENABLE KEYS */;
UNLOCK TABLES;

--
-- Table structure for table `movies`
--

DROP TABLE IF EXISTS `movies`;
/*!40101 SET @saved_cs_client     = @@character_set_client */;
/*!50503 SET character_set_client = utf8mb4 */;
CREATE TABLE `movies` (
  `id` bigint(20) unsigned NOT NULL AUTO_INCREMENT,
  `title` varchar(50) NOT NULL,
  `slug` varchar(255) NOT NULL,
  `description` longtext NOT NULL,
  `genre_id` bigint(20) unsigned NOT NULL,
  `director` varchar(255) NOT NULL,
  `release_date` date NOT NULL,
  `thumbnail` varchar(255) DEFAULT NULL,
  `background` varchar(255) DEFAULT NULL,
  `created_at` timestamp NULL DEFAULT NULL,
  `updated_at` timestamp NULL DEFAULT NULL,
  PRIMARY KEY (`id`),
  UNIQUE KEY `movies_slug_unique` (`slug`),
  KEY `movies_genre_id_foreign` (`genre_id`),
  CONSTRAINT `movies_genre_id_foreign` FOREIGN KEY (`genre_id`) REFERENCES `genres` (`id`) ON DELETE CASCADE
) ENGINE=InnoDB AUTO_INCREMENT=44 DEFAULT CHARSET=utf8mb4 COLLATE=utf8mb4_unicode_ci;
/*!40101 SET character_set_client = @saved_cs_client */;

--
-- Dumping data for table `movies`
--

LOCK TABLES `movies` WRITE;
/*!40000 ALTER TABLE `movies` DISABLE KEYS */;
INSERT INTO `movies` VALUES (1,'Prof. Heber Hettinger DVM','eligendi-quisquam-maxime-ut-sed-voluptate','Ipsam consequatur distinctio perferendis quia et. Distinctio explicabo voluptas vel sequi aliquid molestiae. Quia magnam harum aut illo eos saepe illum. Eos quisquam iste corrupti vitae. Quia explicabo inventore aut totam architecto et. Praesentium repudiandae consequatur non praesentium. Molestias sunt sit et dolorum accusamus. Animi et vitae quis consequatur aliquid. Est aut consequatur ut voluptas ducimus expedita iusto est.',5,'Theodora Satterfield','1998-09-16','movie14.jpg','movie6.jpg','2022-12-22 06:45:29','2022-12-22 06:45:29'),(2,'Dr. Howard Carter I','fugit-aut-recusandae-quia-ipsam-perferendis-hic','Omnis sit enim non architecto enim iure. Dolor qui beatae rerum nemo voluptas. Voluptas enim dignissimos velit voluptas ut. Aliquid et praesentium sint voluptatibus necessitatibus. Iusto similique ex reiciendis ea. Suscipit praesentium ratione molestias voluptas saepe sint voluptatem. Debitis explicabo non aliquid id. Rerum nihil voluptas adipisci in et iusto nam. Quasi repudiandae nam non necessitatibus. Itaque et fugiat tenetur et reiciendis. Aliquam sunt commodi quod quis deleniti qui et dolorem.',5,'Mr. Patrick Bode DVM','2021-11-20','movie12.jpg','movie22.jpg','2022-12-22 06:45:29','2022-12-22 06:45:29'),(3,'Miss Leanna Sanford IV','aspernatur-autem-totam-doloremque-porro','Iusto eius ab earum aliquid. Eligendi distinctio nulla eligendi doloremque ducimus. Autem porro enim quis explicabo tenetur. Et suscipit eos aliquam ut repellat veritatis qui sunt. Suscipit nihil ut doloremque quaerat temporibus. Aut aut dolor tempora esse molestiae odio. Nesciunt est quia dolor dolorem totam et. Exercitationem eveniet et autem adipisci corrupti. Enim et vitae libero porro doloribus libero qui. Nihil quo ea a qui quia eos sed. Sit sit aliquid id non totam voluptas. Totam dolorem est delectus quo ipsum omnis. Est qui voluptatem minima explicabo. Cupiditate impedit dolor quos consectetur sed eligendi beatae. Explicabo cupiditate est facilis excepturi blanditiis qui esse.',1,'Mariano West','1983-02-15','movie8.jpg','movie8.jpg','2022-12-22 06:45:29','2022-12-22 06:45:29'),(4,'Jaren Ledner','nisi-velit-quod-natus-voluptate-sed-veniam-placeat-beatae','Repellat occaecati qui omnis id eum nobis. Ut nulla rerum fugiat quidem perspiciatis adipisci impedit. Cupiditate corporis possimus laborum repudiandae est molestias. Neque ut vitae ut qui. Voluptatum laudantium doloribus aut ad repudiandae. Consequatur nam repudiandae aut cupiditate quia doloribus dolorum. Voluptatibus quae perferendis explicabo quasi. Quae sunt vero dolorem autem ut. Omnis enim dolorem architecto. Sed est ullam qui vitae magnam repudiandae. At aspernatur ad repellat et laudantium corrupti. Tempore ut alias qui sit ipsum sed hic. Autem rem earum rerum qui in non id. Quis aut aut est ipsum soluta.',1,'Darrin Nienow','1996-06-02','movie20.jpg','movie3.jpg','2022-12-22 06:45:29','2022-12-22 06:45:29'),(5,'Javier Wilderman','aut-sint-nihil-atque-nisi-nemo-ut-velit-necessitatibus','Ipsum et molestiae esse. Vel quia est odit quos hic et. Impedit repudiandae natus occaecati aut aut eum quas iste. Minima sit rerum at. Impedit aut a qui excepturi libero earum. Labore labore libero recusandae aliquam dolores eum odit. Et facere aut possimus et eum. Animi a dolorum iste ab. Aut porro earum sunt harum. Consequatur autem eligendi et a. Sint occaecati perferendis corrupti. Quas provident voluptas necessitatibus sit animi quasi. Et adipisci pariatur consectetur voluptas perspiciatis.',3,'Prof. Chanelle Schaefer Sr.','2007-04-28','movie4.jpg','movie11.jpg','2022-12-22 06:45:29','2022-12-22 06:45:29'),(6,'Iva Bechtelar','laboriosam-error-est-impedit-fugiat','Ratione maxime modi qui est molestiae minima doloremque. Voluptate et autem dolores distinctio. Et soluta laudantium autem quasi. Error voluptas quibusdam possimus praesentium facere. Non eveniet qui est totam. Eum qui quia eligendi voluptas. Ut praesentium aut et est animi labore culpa deleniti. Quibusdam non placeat perferendis. Itaque debitis minima in. Et ea eos ex porro vel voluptatem. Ut consequatur natus odio vel voluptatem occaecati expedita. Doloribus harum et accusamus. Dolore accusamus non dolore atque sint. Et tempore nobis atque. Id ea veritatis quis sequi quasi minus ex temporibus. Totam beatae ad sequi animi magni quia. Voluptas voluptatem soluta nam velit porro veniam aperiam qui. Nisi amet qui aut quibusdam corrupti. Corporis omnis quae voluptas et quis. Ut unde molestiae ratione consequuntur et est voluptas.',4,'Ludie Prosacco','1999-07-25','movie17.jpg','movie18.jpg','2022-12-22 06:45:29','2022-12-22 06:45:29'),(7,'Edward Oberbrunner','dolore-et-culpa-corporis-et-ipsum-facere','Nam ducimus quidem ut. Voluptate omnis sunt impedit est sint aspernatur autem. Consequatur optio atque aspernatur dolore in quo. Laborum fugit nobis et maiores provident sed qui dicta. Aut aut aut fugit officia. Ipsa quaerat provident dolor atque. Asperiores est incidunt a dolor accusamus delectus architecto sunt. Laboriosam ullam error labore odit. Laudantium enim odit assumenda ut velit esse commodi. Aut dolores illo adipisci. Architecto dolores dignissimos ex quia sequi. Minus sed non omnis et. Incidunt quaerat aut rerum corrupti eaque vel libero impedit. Dolorum unde optio odio eum nihil tempore. Harum omnis est fugit harum architecto qui voluptatibus voluptatem. Rerum debitis aliquam quo ut. Quia necessitatibus quo nulla rerum.',6,'Dr. Finn Abernathy V','1997-02-02','movie2.jpg','movie17.jpg','2022-12-22 06:45:29','2022-12-22 06:45:29'),(8,'Dr. Lora Trantow MD','iusto-numquam-voluptas-vel-accusamus','Quia blanditiis officia voluptatum eligendi corrupti error. Est qui qui facilis ipsa alias quia iste. Veniam et ea in aspernatur est. Vel voluptas sequi quod molestias porro voluptatum quas et. Neque et quisquam quod atque veniam veniam laborum. Debitis ratione cupiditate adipisci perspiciatis vitae neque quis et. Labore aut tempora quia maxime ratione ea repellendus. Ipsa dolor rerum error nulla magni ex dolores dolorem. Tempora deserunt mollitia eaque odio sunt harum vero. Nemo amet id nemo unde magni. Eius ratione dignissimos repellendus nemo qui tempore. Praesentium minus voluptatem itaque optio. Sed qui et excepturi laboriosam placeat esse est. Consequatur aut quaerat consequuntur sint. Fugiat ab iusto dolorem temporibus. Qui et doloremque voluptas dicta. Ut ducimus minima neque iure quasi architecto nihil mollitia. Et temporibus eum libero quia. Recusandae aut aliquid molestias nulla. Cupiditate aut quisquam ut. Beatae inventore inventore itaque ad voluptatem est rerum qui. Optio quia suscipit velit alias ut minus. Cum porro accusantium unde omnis. Eum voluptas explicabo labore repudiandae deleniti numquam enim. Officia amet veritatis pariatur hic vel. Error voluptatem molestias quos ut dolore quis voluptas. Voluptas in quasi rerum. Dolor laudantium placeat eveniet quia. Assumenda repellendus similique qui et nesciunt autem voluptatem.',3,'Miss Britney Mills DVM','2019-07-24','movie22.jpg','movie7.jpg','2022-12-22 06:45:29','2022-12-22 06:45:29'),(9,'Miss Breanne Armstrong','aut-sit-facere-recusandae-eum-sed','Similique et ut et impedit. Vitae sint id similique sit vel dolor soluta. Quia voluptas commodi omnis ab. Vel omnis minima sapiente ut amet. Velit tempore aut nisi ratione iste corrupti eius. Est ut voluptatibus fugiat qui amet assumenda. Quidem consequatur id molestiae placeat qui laborum. Et aliquid nam minus dolorem rerum enim at. Voluptatem voluptatem qui delectus vero totam. Et necessitatibus temporibus asperiores et fugiat. Accusantium est minus id repellat beatae expedita. Laboriosam consequuntur harum quis voluptatem rerum.',5,'Yasmin Feest','2010-04-29','movie24.jpg','movie13.jpg','2022-12-22 06:45:29','2022-12-22 06:45:29'),(10,'Shaun Feeney DVM','dolores-non-molestiae-et-ut','Error minus quaerat vero ex quis in. Vel et earum similique quisquam nisi. Est hic laboriosam qui. Atque ullam et ex quod. In aut quibusdam quasi voluptas consequatur maxime. Rem temporibus nemo totam vel dolorum. Distinctio rerum accusantium voluptatem non delectus. Dolores ut consequuntur esse veniam tempore ullam beatae. Debitis enim optio et quaerat.',4,'Prof. Clovis Murazik','1980-09-01','movie24.jpg','movie5.jpg','2022-12-22 06:45:29','2022-12-22 06:45:29'),(11,'Cristina Kassulke','autem-hic-dicta-et','Exercitationem ut est id dolorem. Et nesciunt recusandae perspiciatis optio. In expedita neque natus alias quasi sed velit. A distinctio est sit ea repellendus ullam. Veniam non deserunt pariatur illo odio officiis at error. Repellendus ut laborum sunt eligendi et qui tempore. Ut qui dignissimos totam totam aliquam ipsum. Necessitatibus aut neque esse et quaerat. Harum nostrum occaecati fugit et alias provident veritatis. Ratione quos et sit eveniet. Ipsam ut quibusdam possimus ipsam ipsa. Sit aspernatur soluta quia quasi ut quos voluptatibus. Rerum odit voluptas alias est officia aut.',5,'Audie Considine','2013-02-06','movie3.jpg','movie8.jpg','2022-12-22 06:45:29','2022-12-22 06:45:29'),(12,'Mr. Tyler Huel DDS','debitis-eum-impedit-enim-provident-quos-qui','Ut aut aperiam libero sed doloremque nesciunt qui. Neque qui laudantium cum vel sint dignissimos. Reiciendis quia ea et molestiae dolores. Repudiandae qui magnam architecto ea aut voluptas pariatur. Quibusdam quia sit id aut rem quas. Aut corrupti ipsum unde eos et suscipit. Corporis pariatur perspiciatis sed est iste. Voluptates corporis ipsam aliquid cupiditate architecto. Itaque accusamus voluptates architecto aliquid ut.',1,'Charley Heidenreich','1986-05-02','movie21.jpg','movie3.jpg','2022-12-22 06:45:29','2022-12-22 06:45:29'),(13,'Kellen Conroy','vitae-aut-deserunt-non-earum-eligendi-quia-accusantium-quia','Illum assumenda ut voluptatibus repellendus aut autem sunt totam. Consectetur reiciendis sunt assumenda sequi facilis aut vitae vero. Quo sint quis deleniti dolores esse consequatur sapiente. Qui aut dolorem a. Optio alias ea voluptate quibusdam consequuntur consequatur mollitia. Placeat aut est a eos adipisci nemo corrupti quidem. Unde molestiae culpa atque autem magnam. Veniam praesentium quibusdam accusamus nemo dolores incidunt dolor. Magni repellat at minima in consequatur quis. Commodi quibusdam et esse sint. Excepturi repellendus ad harum quasi voluptas porro. Aut blanditiis et architecto qui accusantium laboriosam dolorem atque. Tempore molestiae ex minima magnam consequuntur a earum consequatur. Eum ipsa consequatur quia est. Voluptatem nostrum cupiditate vel quo.',2,'Prof. Torrey Schaefer Sr.','2012-08-03','movie20.jpg','movie17.jpg','2022-12-22 06:45:29','2022-12-22 06:45:29'),(14,'Rodger Tromp','perferendis-sed-non-aliquid-iste-consequuntur-voluptatem','Ut provident et mollitia. Quae pariatur rerum quidem magni natus rerum. Distinctio debitis totam temporibus atque qui. At quisquam repellendus nisi. Praesentium sed asperiores ullam omnis et. Qui eum optio sed cum. Similique officiis consequuntur iste porro cum laudantium ut. Omnis numquam dignissimos illo et sint voluptas. Qui quisquam eos ducimus. Sit repellat vel in aut. Voluptas qui et nihil ut. Deserunt et culpa dolorum nam numquam tempore. Dolorem facilis numquam a culpa laboriosam voluptas nesciunt ab. Similique repellendus quae vel dolores enim. Voluptates commodi minima omnis quod. Excepturi sequi est placeat nihil. Rerum nulla sit et vel dolorum et earum. Ut explicabo fuga et vel. Veniam quis minus similique ab odit. Iste delectus ut in ut excepturi ut consequatur itaque.',2,'Ms. Lillian Runte II','2013-01-03','movie19.jpg','movie22.jpg','2022-12-22 06:45:29','2022-12-22 06:45:29'),(15,'Elyse Aufderhar','sapiente-exercitationem-cupiditate-aut-molestias-rerum','Modi nobis commodi exercitationem necessitatibus accusantium est sunt. Voluptatem velit asperiores maxime et et. Nobis laudantium laudantium quo quaerat aliquam tempore qui. Laborum dolorem sint optio qui. Id sit dolores voluptas enim maxime velit. Inventore sunt sint nam in et ut magni. Omnis magnam occaecati voluptates esse repellendus aspernatur eius illo. Magni temporibus molestiae similique quia rerum vitae. Consequuntur dolorem accusantium porro soluta expedita occaecati. Maxime rerum quia ut. Ipsa soluta culpa facere voluptatem. Asperiores incidunt tempora tenetur mollitia et aut. Similique voluptas laudantium dolor expedita. Sint impedit voluptates est id quia dolores cumque. Sunt enim dolores eligendi eum. Corporis quasi hic ad. Et molestiae magni aperiam. Reiciendis sequi culpa ratione nulla voluptatem. Repudiandae error molestiae a eligendi est. Vel nam quasi magni illum dolorum. Expedita distinctio ipsam quasi aut quia et non. Aut quisquam iste magnam et est ea placeat. Modi voluptatibus provident maiores doloribus corrupti ea sed. Delectus consequuntur odit assumenda ullam sit sit error. Animi et eum doloribus in. Vel blanditiis explicabo quis inventore blanditiis repellendus necessitatibus. Accusantium inventore quod consequuntur nisi est. Sunt amet aut voluptatem in.',3,'Ms. Sabryna Reichert DDS','2020-06-16','movie22.jpg','movie10.jpg','2022-12-22 06:45:29','2022-12-22 06:45:29'),(16,'Wyman Quitzon DVM','repudiandae-excepturi-praesentium-earum-excepturi-adipisci','Neque omnis fugit libero. Nam minima excepturi in. Asperiores distinctio ea hic. Dolor et labore repellendus cum molestiae quis. Debitis rem animi aperiam blanditiis corporis. Eveniet expedita possimus quas velit porro. Ut reprehenderit quis tempore ea temporibus. Amet ea in aliquam beatae laudantium. Voluptates explicabo ut dolorum qui sint. Est delectus nihil ut mollitia quasi. Est accusantium perspiciatis velit tempore id. Qui nisi qui illo quis eos impedit maxime. Odio qui tenetur est occaecati sed fugiat fugiat. Pariatur deserunt impedit repudiandae veritatis eos deleniti ipsa. Rerum porro voluptas at molestiae. Eos non doloribus est. Sit cupiditate sunt animi provident autem eos. Aut aut excepturi sequi est nesciunt. Est doloremque illum ut. Dicta asperiores facilis dolorem blanditiis molestiae optio amet. Facilis deserunt eos expedita cupiditate suscipit enim sint.',6,'Ulices Kertzmann','1971-10-08','movie10.jpg','movie10.jpg','2022-12-22 06:45:29','2022-12-22 06:45:29'),(17,'Marvin Fay','inventore-aut-sit-cupiditate-vel-est-architecto-fugit','Omnis labore rerum iusto voluptas quia nihil. Alias minima rem id pariatur rerum. Nisi laborum optio nemo consequatur nisi. Consequuntur nam reprehenderit culpa perferendis et at. Magni aliquam magnam ut perferendis numquam quia. Nisi aut tenetur veniam delectus consequatur dicta ab. Quo ea dignissimos laboriosam aut. Et voluptatem quis perferendis quasi aliquam. Voluptas qui et in et placeat magni nam. Officia aut sint quis fugiat consequatur laborum et. Esse tempore autem ab et ab assumenda ipsum. Veritatis quia amet dolore non at. Iure esse ut distinctio perferendis ex illo veniam dolorum. Blanditiis molestiae aliquam eligendi. Pariatur soluta nostrum eos soluta quo exercitationem iste. Aut dignissimos quam et id doloribus ut qui. Architecto repudiandae amet nisi.',3,'Eulah Donnelly','2020-05-22','movie4.jpg','movie24.jpg','2022-12-22 06:45:29','2022-12-22 06:45:29'),(18,'Prof. Cathrine Robel IV','sed-deleniti-ipsam-aliquid','Ut aut nulla ipsum rerum voluptatem. Vero minima perferendis tenetur minus voluptatem. Esse eum voluptas eveniet atque et dolores dolorem. Error qui assumenda eligendi dolores. Rerum et aut a in autem consequuntur aut cumque. Quia magni dolorem numquam quas omnis possimus. Dolore perspiciatis natus repellendus reiciendis consequatur. Rerum assumenda aut voluptatem nemo totam voluptatem. Consequuntur doloremque officia quia sit aut ducimus. Sunt voluptas sapiente dicta modi aut facere. Architecto est aliquid quidem et nihil non. Voluptatum est velit nemo soluta. Consequatur incidunt eligendi error voluptas. Amet culpa quo voluptas aut. Enim distinctio dolorum impedit et est blanditiis quia. Tempora aut magni ex est id earum ut. Voluptatem perferendis dolorum est placeat explicabo. Ea voluptates reprehenderit accusantium provident velit tenetur voluptas. Sint sint illum ut voluptatem sint ipsum. Repudiandae suscipit sunt ducimus alias consequatur. Rerum natus corporis cumque tenetur consequatur doloremque illo qui. Sit est temporibus et dolores quae. Beatae ex vitae voluptatibus.',4,'Anita Boyle','2019-12-04','movie2.jpg','movie20.jpg','2022-12-22 06:45:29','2022-12-22 06:45:29'),(19,'Donna Mann','id-ut-id-occaecati-asperiores-aut','Repellendus mollitia dolorem quaerat suscipit aperiam nemo. Neque inventore atque voluptatem culpa pariatur ipsam voluptas. Fuga atque ipsa laborum cupiditate. Tenetur optio perferendis neque qui esse soluta. Et et voluptatem ipsum qui doloribus cumque. Qui quisquam inventore qui. Rerum modi a id eaque molestiae reprehenderit. Eos nostrum velit id. Eaque magni qui eaque. Reprehenderit voluptatibus qui velit est. Eligendi dicta ipsa et porro minima possimus molestiae nesciunt. Vero repudiandae quam et expedita possimus perspiciatis. Voluptatibus sit consectetur nostrum aut. Minus labore quod et. Aut sit qui deserunt repellat facere. Doloribus iure atque illo odio quam. Inventore commodi dolorem ipsam aperiam porro ipsam harum. Praesentium perferendis facilis qui illum.',5,'Reese O\'Kon','1979-08-31','movie23.jpg','movie8.jpg','2022-12-22 06:45:29','2022-12-22 06:45:29'),(20,'Cleveland Keebler','non-ut-accusantium-quos-autem-dolores-repellat-pariatur','Soluta non dicta quos natus. Ipsum ratione corporis consequatur eius velit dicta non. Libero consequatur repellat suscipit in. Ut iusto autem eum sequi quo. Quam accusantium temporibus voluptates aut quo blanditiis velit. Aliquam occaecati fugit veniam nobis illum nam. Veniam omnis totam odio nostrum harum. Architecto beatae asperiores dolores repellat ea delectus. Iusto est et illo non nihil consequatur atque minus. Voluptate laborum quo officia quia et. Rerum est architecto sequi incidunt non et nulla. Esse eligendi saepe dolores ea in necessitatibus amet. At est placeat nihil ipsam. Et iusto cum rerum tenetur.',1,'Prof. Joseph Okuneva Sr.','2016-09-13','movie9.jpg','movie21.jpg','2022-12-22 06:45:29','2022-12-22 06:45:29'),(21,'Sandrine Hansen','maxime-qui-unde-totam-quia-odio-consequatur-autem-enim','Nisi id culpa sunt sapiente molestias. Et explicabo ut porro esse quidem non. Nostrum consectetur laborum sit eum sit. Voluptas quis est velit eum molestiae sed aut molestias. Quod saepe qui natus dolor. Nulla tempore ut tempore odio et ut minima. Praesentium ex quos est vero. Sequi non temporibus officiis sint ipsam dolorem. Saepe repudiandae vero ex architecto consequatur exercitationem et qui. Quisquam ut fuga aut et. Laboriosam recusandae totam reprehenderit dolores fuga iusto. Quia officia numquam sed quibusdam ducimus. Perspiciatis at ipsum doloribus est quis. Velit totam similique facilis tenetur rerum deleniti. Nemo aut deserunt autem aut quae consequatur. Repellat quibusdam pariatur magni. Laboriosam laudantium sint non doloremque eos assumenda. Error et delectus recusandae suscipit dolores nam. Omnis aliquid eos asperiores blanditiis culpa quasi. Qui veniam omnis sunt quia fugiat quia. Consequatur eos incidunt veniam qui.',3,'Gaylord Davis','2017-09-11','movie18.jpg','movie4.jpg','2022-12-22 06:45:29','2022-12-22 06:45:29'),(22,'Reyna Schroeder','culpa-iure-aut-ipsum-voluptatum-eveniet-debitis-voluptas-dignissimos','Similique autem et qui consequatur est. Ea natus soluta ad explicabo vero sed. Ut iusto cupiditate rerum veritatis fuga distinctio. Deleniti dolor delectus labore aut quidem. Expedita sit earum laboriosam aspernatur. Culpa nemo et voluptatem quibusdam excepturi est.',6,'Amani Kunze','1976-12-15','movie18.jpg','movie2.jpg','2022-12-22 06:45:29','2022-12-22 06:45:29'),(23,'Bailee Heaney','perferendis-et-libero-quia-nam-voluptatibus','Facilis nihil est omnis eos. Maiores ratione nihil fugit ea. Nihil asperiores quo consectetur. Itaque tempora ut quia rerum ipsum ratione. Quis accusamus eum placeat. Modi qui reprehenderit nesciunt veritatis laudantium reprehenderit et sit. Et eius error pariatur. Beatae et consequatur sed at distinctio repellat. Qui optio natus omnis quaerat. Et eos tenetur rerum mollitia sunt deserunt enim. Sequi ut odit ducimus error voluptatem.',1,'Mariam Harris','1970-08-04','movie23.jpg','movie18.jpg','2022-12-22 06:45:29','2022-12-22 06:45:29'),(24,'Claud Pfeffer Sr.','aspernatur-suscipit-aut-provident-perferendis-assumenda-ullam-debitis-nihil','Quae voluptatem veritatis optio non ea ut ab rerum. Eius quis magni et assumenda enim neque. Sed distinctio eos dolorum sit id vero. Ipsa libero exercitationem qui est aut officia beatae. Facilis voluptatem et sint. Sit facere voluptates aut non. Et reiciendis perspiciatis velit vero numquam reiciendis eaque. Officiis ut dicta cum totam ut exercitationem. Et atque voluptatem eos culpa commodi ipsam. Ducimus facilis sed quisquam ullam autem et debitis. Quidem similique est maiores voluptatibus sed nisi odit. Omnis maxime voluptatem ea sint voluptates ex. Iusto omnis voluptas consequatur consequatur. Similique temporibus odit debitis tenetur reprehenderit. Voluptatem architecto in ipsum laboriosam animi quae. Perspiciatis accusamus voluptatum blanditiis eos quo aut. In corrupti non dignissimos nihil nisi eaque. Porro fuga consequatur asperiores quia cupiditate enim impedit. Dolorem ipsam asperiores explicabo. Porro impedit sit officiis ea illum modi error rerum. Qui rem est impedit voluptates. Ex est blanditiis molestiae molestias velit ipsa nemo. Tempora et et non a velit.',1,'Miss Creola Beahan','1993-09-19','movie16.jpg','movie1.jpg','2022-12-22 06:45:29','2022-12-22 06:45:29'),(25,'Sharon Walter','magni-aut-sapiente-provident','Et dolores praesentium blanditiis sunt fugiat. Voluptas non ipsa et debitis id voluptas. Nihil explicabo inventore aliquid occaecati natus numquam praesentium. Animi qui eum dolorum odit aliquam. Inventore et cumque porro non. Blanditiis modi voluptatem fugiat. Earum est nemo laborum deserunt minus sunt. Nulla assumenda dolores blanditiis praesentium ut at culpa deserunt.',5,'Verna Rohan I','2009-09-28','movie24.jpg','movie24.jpg','2022-12-22 06:45:29','2022-12-22 06:45:29'),(26,'Miss Fannie Purdy','voluptatem-et-illo-et-enim-ratione-ullam-aut','Ut dolorem ipsa enim iure dolores incidunt. Id dignissimos eius nobis quas optio deserunt nisi. Iste molestiae deleniti eum id quasi. Rerum quibusdam labore nesciunt ut tenetur esse sed. Qui ab ullam quis quas. Repellendus quae iusto inventore dolor reprehenderit et nam consequatur. Et vel debitis sapiente unde saepe ullam. Enim nobis ut aut id. Autem sunt vitae quo aut consequatur. Molestiae perferendis nam quibusdam earum animi quia hic. Culpa est nostrum aliquid magni et numquam rerum. Veniam enim quasi sed reiciendis. Dolorem inventore et alias repellendus nihil cumque ex blanditiis. Illo nihil autem vel id quaerat voluptas. Nesciunt suscipit iste ratione in.',5,'Bridget Wyman','2020-04-06','movie8.jpg','movie8.jpg','2022-12-22 06:45:29','2022-12-22 06:45:29'),(27,'Jennifer Bayer','perspiciatis-et-fugit-reiciendis-itaque-sequi','Dolorem dolorem asperiores et laudantium earum. Ea eos veritatis aut nesciunt enim in non dignissimos. Ducimus ut nostrum officiis quae. Officiis cumque distinctio commodi ratione. In perferendis excepturi libero esse eum officia. Magnam totam totam est aut et hic quia voluptatem. Sequi adipisci ea autem praesentium. Qui voluptas consectetur fuga ad itaque aliquam nihil. Asperiores culpa atque labore laboriosam qui. Quas sed perspiciatis et et consequuntur. Alias eius atque aspernatur atque sequi excepturi. Illum aliquam et accusamus autem officiis. Facere veniam voluptatem velit vero. Voluptate alias voluptatum voluptatibus facere officiis repellat sunt totam.',3,'Sandy Jerde DVM','1997-09-20','movie25.jpg','movie8.jpg','2022-12-22 06:45:29','2022-12-22 06:45:29'),(28,'Jermey Zieme Sr.','eum-aperiam-asperiores-optio-pariatur-sit-et','Sapiente officia quis reiciendis aut velit omnis quo. Sed amet doloremque et mollitia consectetur et. Assumenda id eius temporibus placeat fugit ullam consectetur. Odio dolores vero est fugit facere. Modi enim voluptas dolorem et temporibus. Velit esse enim quas quaerat ut saepe asperiores. Qui inventore asperiores nisi voluptate.',5,'Ines Lowe','1971-05-06','movie17.jpg','movie22.jpg','2022-12-22 06:45:29','2022-12-22 06:45:29'),(29,'Antwon Kuhic','consectetur-sit-illum-quis','Et impedit enim rerum amet est. Fuga asperiores aspernatur quos molestiae deserunt atque incidunt qui. Voluptates earum minus necessitatibus omnis. Earum est cupiditate libero ut quibusdam qui. Et molestiae tenetur voluptates quam cumque. Consequatur hic fugiat est velit. Explicabo enim similique excepturi ex debitis ad facere. Placeat dolor recusandae dicta distinctio dolorem natus eligendi. Delectus tempore rem optio error voluptates similique molestiae. Unde id non reprehenderit. Quia sint error sint qui quae at. Quia perspiciatis non cumque. Eius pariatur voluptatem voluptate quia inventore. Repudiandae cupiditate accusantium illo voluptas laborum blanditiis. Non quidem error et animi. Magnam numquam ut aliquam explicabo. Corporis nam quisquam consequatur ad et velit voluptates doloremque.',2,'Harrison Kovacek','2008-05-04','movie24.jpg','movie11.jpg','2022-12-22 06:45:29','2022-12-22 06:45:29'),(30,'Gust Bernhard PhD','voluptatibus-accusantium-omnis-fugiat-fuga-sit','Minima ut est corrupti reiciendis ut est. Qui saepe facilis officiis repudiandae quo laudantium commodi. Accusamus in est atque tenetur officiis. Aut ipsum alias consequuntur numquam vel in similique. Iure tempora et et sit. Dolor sit earum beatae quas et. In vel sunt et accusamus similique voluptatum totam. Nobis et earum nobis. Qui architecto voluptas consectetur quia autem minima porro. Veniam omnis minus modi repudiandae.',6,'Dudley Weissnat','2005-08-14','movie12.jpg','movie5.jpg','2022-12-22 06:45:29','2022-12-22 06:45:29'),(31,'Liam Lesch','dignissimos-non-beatae-beatae-enim-porro-odio-at-occaecati','Eos iste et aut repudiandae. Et et laborum eveniet. Id autem quam eveniet rerum dignissimos ab. Ipsa error voluptatem in illum eum. Aspernatur qui consequatur quia nihil quibusdam sapiente. Deserunt ipsum beatae labore quasi. Voluptatem provident vero minus id. Facilis consequatur sapiente qui facere rerum. Quam cupiditate dolor qui. Asperiores unde distinctio aut qui.',3,'Mr. Hunter Leffler','1988-10-01','movie9.jpg','movie1.jpg','2022-12-22 06:45:29','2022-12-22 06:45:29'),(32,'Esmeralda Cartwright','recusandae-eaque-illo-rerum-sequi-ratione','Voluptas nostrum aut ut eligendi sequi corrupti. Quibusdam dolorum nesciunt doloremque aliquid omnis consectetur fugit. In quis et quaerat consequatur et. Porro non omnis porro explicabo asperiores eos. Dolores aut molestiae et blanditiis nemo dolores nulla aut.',1,'Heloise Marvin','1980-12-31','movie23.jpg','movie2.jpg','2022-12-22 06:45:29','2022-12-22 06:45:29'),(33,'Prof. Charley VonRueden DVM','rerum-dolor-qui-accusamus-ea-aut-unde-aliquid','Maxime qui beatae enim animi impedit inventore. Doloribus molestias eius ut consequatur. Minus quos enim nesciunt consequatur sed eaque. Aut incidunt aliquid perspiciatis deserunt. Quia voluptatibus placeat facere. Iste rerum voluptate quis sapiente autem. Ipsum facere rem consectetur delectus eius ab aut. Natus vitae dicta in quo. Et quis iusto et et cumque necessitatibus recusandae. Et repellat eos deleniti et dolore recusandae. Et ipsa eveniet occaecati inventore ut. Fugit quidem amet soluta sunt earum. Perferendis natus dolorum sunt nihil distinctio at aut. Consequuntur expedita dolor temporibus qui. Dolores et dignissimos illo sit et. Dolorem deleniti cum pariatur quasi illo. Assumenda odit sit molestiae accusamus totam distinctio velit. Ut omnis possimus quia maiores est facere assumenda odit. Quibusdam quisquam qui et natus nulla quam. Et harum ipsa quia. Aperiam minima magnam voluptatibus aliquid sint. Enim minus neque dolore ullam. Id laudantium et reprehenderit cupiditate sint eos. Nemo totam ut ut earum quia. Voluptates amet occaecati optio fugiat unde. Voluptatem rerum ut quaerat. Ut voluptate suscipit illo cum. Labore ut incidunt autem provident. Numquam corrupti vitae provident perspiciatis.',5,'Eve Blanda','2000-10-18','movie25.jpg','movie8.jpg','2022-12-22 06:45:29','2022-12-22 06:45:29'),(34,'Floy Dibbert','fugiat-repellat-ea-adipisci-officia-aperiam','Sed id autem quam incidunt cum similique. Nobis nihil aliquid dolorum officiis quia. Quo maxime omnis culpa ut esse. Qui et delectus corrupti et perferendis nisi dolores magnam. Suscipit ut voluptatem quia omnis ut ut pariatur nulla. Distinctio cupiditate iste laborum cum reprehenderit qui. Dolores exercitationem nesciunt cumque quaerat qui aut veritatis nesciunt. Sequi illo et quos quos. Illo eius maxime dolorem voluptas doloribus et numquam. At reprehenderit error iure beatae assumenda sunt. Sunt quos saepe quo recusandae fugit mollitia distinctio. Aspernatur dolor quia eius. Vel sit nesciunt ab omnis ipsa corrupti. Qui quam repellat voluptatem tempora minus. Error qui vitae voluptates numquam facilis magnam.',5,'Anastasia Torp','2012-09-01','movie7.jpg','movie18.jpg','2022-12-22 06:45:29','2022-12-22 06:45:29'),(35,'Dayana Rice','voluptatem-illo-aut-nihil-ex-molestias-nisi-omnis-ipsam','Voluptate recusandae quia velit quia autem. Est officia libero pariatur quos. Inventore quia quis ex culpa in eum ut. Eos quis quidem non et quasi. Possimus enim sint minima corporis ut aperiam. Deleniti sit harum aut doloribus. Asperiores architecto rerum ea possimus. Temporibus in rem aut. Accusamus asperiores possimus illum. Explicabo corrupti voluptatem ut quaerat vero dicta. At amet sit dolor esse aperiam non. Quia assumenda velit velit nam ea. Dolorem incidunt saepe dolor eaque ut ad occaecati. Commodi ut perspiciatis ratione ducimus. Odit ut consequuntur natus fugiat unde. Ratione et modi in. Omnis tempora enim dolores repellat aut aperiam itaque facilis. Omnis reprehenderit dolor perferendis repudiandae nemo. Dignissimos dolor ipsa in et iusto rerum ab ut. Dolorem corrupti ea nesciunt dicta exercitationem et officia in. Totam eligendi sapiente dolor totam consequuntur hic. Omnis cum voluptas aut autem id in libero.',5,'Adell Reynolds','2005-07-05','movie25.jpg','movie16.jpg','2022-12-22 06:45:29','2022-12-22 06:45:29'),(36,'Dr. Quentin Macejkovic MD','et-eligendi-doloribus-rerum-tempore-ex-tempore-accusamus-dicta','Velit reiciendis temporibus esse qui molestias. Eligendi tempora blanditiis eius. Nulla debitis delectus facere deleniti. Exercitationem consequatur eaque similique rerum. Quasi tempore voluptas quia officia culpa reiciendis iusto repellat.',4,'Matilda Marks','1990-12-13','movie25.jpg','movie8.jpg','2022-12-22 06:45:29','2022-12-22 06:45:29'),(37,'Mr. Dane Wiegand','maiores-sint-accusamus-dignissimos-eum-deleniti-natus-aut-aliquid','Non consectetur praesentium possimus eos adipisci quo laborum. Esse ratione qui perferendis quia sit nemo. Non odio architecto atque praesentium. Natus aut enim aperiam. Iure nulla sit dolor accusamus hic ut. Quo ea aspernatur doloribus sed aut repellendus aut. Eum harum voluptas quis ab. Repellendus tenetur veniam unde quos. Magnam molestias culpa necessitatibus incidunt iure.',6,'Jany Hermiston','1995-09-11','movie15.jpg','movie8.jpg','2022-12-22 06:45:29','2022-12-22 06:45:29'),(38,'Stanley Collins DVM','beatae-sed-ullam-quasi-sequi-est-dicta','Harum molestiae saepe quo sapiente exercitationem quo corrupti quos. Et et quia saepe quod atque blanditiis. Est cumque dignissimos qui quia corporis. Distinctio ex recusandae sint vel. Qui est labore libero ex debitis eos aspernatur voluptatem. Qui consequatur quasi voluptas recusandae ut. Et libero totam omnis asperiores earum voluptatem. Officiis consectetur sed inventore doloribus sunt dignissimos consectetur. Non iusto quia fugiat ut id nemo quidem. Cumque necessitatibus sequi facere ratione incidunt et sint quae. Est aliquam odio saepe. Pariatur magni impedit minima velit. Est explicabo nihil quia quidem repellat nisi. Laboriosam qui et repudiandae quia fuga ut impedit. Qui adipisci beatae qui quam ut et. Et quasi ex quia quae aliquam voluptatum. Facere corrupti iste id similique. Vel magni consequatur voluptatibus dolorem quia modi placeat est. Ea repellat quaerat assumenda et. Perspiciatis a aut architecto eaque natus temporibus culpa. Consequatur beatae omnis nisi.',5,'Miss Georgiana Skiles','2016-04-07','movie10.jpg','movie18.jpg','2022-12-22 06:45:29','2022-12-22 06:45:29'),(39,'Dr. Mervin Goodwin Jr.','ut-quae-modi-libero-voluptas-nemo-repudiandae-nam','Adipisci debitis qui repudiandae delectus ex impedit incidunt. Ad eius est repellendus voluptatem veniam esse quia quod. Natus aut optio expedita qui velit et quibusdam. Qui cum ipsum nam impedit aperiam sapiente. Temporibus doloremque praesentium eos et deleniti et non. Dolorem ex optio quia laboriosam ut inventore ea. Amet quibusdam placeat voluptatem dicta recusandae deserunt cum. Aut amet velit fugit voluptas. Iure et voluptatum labore suscipit at. Nam nemo qui impedit numquam ut.',6,'Prof. Jonathon Kassulke','2003-05-17','movie18.jpg','movie10.jpg','2022-12-22 06:45:29','2022-12-22 06:45:29'),(40,'Casandra Douglas','nam-eaque-et-voluptas-numquam-ut-hic','Perferendis consequatur eos quia rerum nulla sit et. Quaerat ratione voluptatem labore delectus. Officia animi explicabo itaque aliquam temporibus officiis mollitia consectetur. Placeat doloribus dolorum eum natus. Sunt ut eos occaecati perspiciatis earum mollitia. Omnis soluta nesciunt et. Corporis qui et autem ullam doloremque sit et. Unde voluptatem nobis a similique temporibus. Necessitatibus deserunt rerum nam officia sint ea repudiandae. Ratione corporis culpa dolor molestiae sunt. Et quia quis voluptatem cupiditate quisquam beatae. Debitis ea ipsam et mollitia ea recusandae. Quos eum quibusdam aut qui ipsa ad excepturi. Et eum consequatur amet optio libero. Minus corporis accusantium qui ratione et iure. Cupiditate itaque ea ad beatae cupiditate eaque quo harum. Fuga et in accusamus eos rem. Ipsam suscipit eligendi adipisci et voluptas atque. Et cum dolorum dolor blanditiis. Quia modi eligendi eum perspiciatis quia. Atque repellendus provident eveniet cumque inventore. Accusantium dolores itaque non voluptas. A quia modi qui architecto architecto maxime. Sunt maxime asperiores commodi aut molestiae quis pariatur.',4,'Miss Malinda Hagenes','2005-10-27','movie7.jpg','movie1.jpg','2022-12-22 06:45:29','2022-12-22 06:45:29'),(41,'Thor: Love and Thunder','Thor-Love-and-Thunder','Thor\'s retirement is interrupted by a galactic killer known as Gorr the God Butcher, who seeks the extinction of the gods. To combat the threat, Thor enlists the help of King Valkyrie, Korg and ex-girlfriend Jane Foster, who - to Thor\'s surprise - inexplicably wields his magical hammer, Mjolnir, as the Mighty Thor. Together, they embark upon a harrowing cosmic adventure to uncover the mystery of the God Butcher\'s vengeance and stop him before it\'s too late.',5,'Taika Waititi','2022-06-06','thor_love_thumbnail.jpg','thor_love_banner.png','2022-12-22 07:45:30','2022-12-22 06:45:30'),(42,'Doctor Strange in the Multiverse of Madness','Doctor-Strange-in-the-Multiverse-of-Madness','Following the events of Spider-Man No Way Home, Doctor Strange unwittingly casts a forbidden spell that accidentally opens up the multiverse. With help from Wong and Scarlet Witch, Strange confronts various versions of himself as well as teaming up with the young America Chavez while traveling through various realities and working to restore reality as he knows it. Along the way, Strange and his allies realize they must take on a powerful new adversary who seeks to take over the multiverse.',1,'Sam Raimi','2022-05-05','doctor_thumbnail.jpg','doctor_banner.jpg','2022-12-22 08:45:30','2022-12-22 06:45:30'),(43,'Black Panther: Wakanda Forever','Black-Panther-Wakanda-Forever','Queen Ramonda, Shuri, M\'Baku, Okoye and the Dora Milaje fight to protect the kingdom of Wakanda from intervening world powers in the wake of King T\'Challa\'s death. As the Wakandans strive to embrace their next chapter, the heroes must band together with the help of War Dog Nakia and Everett Ross and forge a new path for their nation.',6,'Ryan Coogler','2022-09-09','wakanda_thumbnail.webp','wakanda_banner.jpg','2022-12-22 09:45:30','2022-12-22 06:45:30');
/*!40000 ALTER TABLE `movies` ENABLE KEYS */;
UNLOCK TABLES;

--
-- Table structure for table `users`
--

DROP TABLE IF EXISTS `users`;
/*!40101 SET @saved_cs_client     = @@character_set_client */;
/*!50503 SET character_set_client = utf8mb4 */;
CREATE TABLE `users` (
  `id` bigint(20) unsigned NOT NULL AUTO_INCREMENT,
  `username` varchar(255) NOT NULL,
  `email` varchar(255) NOT NULL,
  `password` varchar(255) NOT NULL,
  `dob` date DEFAULT NULL,
  `phone` varchar(255) DEFAULT NULL,
  `is_admin` tinyint(1) NOT NULL DEFAULT 0,
  `image` varchar(255) DEFAULT NULL,
  `created_at` timestamp NULL DEFAULT NULL,
  `updated_at` timestamp NULL DEFAULT NULL,
  PRIMARY KEY (`id`),
  UNIQUE KEY `users_email_unique` (`email`)
) ENGINE=InnoDB AUTO_INCREMENT=13 DEFAULT CHARSET=utf8mb4 COLLATE=utf8mb4_unicode_ci;
/*!40101 SET character_set_client = @saved_cs_client */;

--
-- Dumping data for table `users`
--

LOCK TABLES `users` WRITE;
/*!40000 ALTER TABLE `users` DISABLE KEYS */;
INSERT INTO `users` VALUES (1,'admin','admin@admin.com','$2y$10$DVcdlQLQZpPrij6vfSlU1e5rTIkzk6J6dWX6uSzV8PZuGJOAGreuq','2022-12-22','08123456789',1,NULL,'2022-12-22 06:45:28','2022-12-22 06:45:28'),(2,'test','test@test.com','$2y$10$HH/3yeKsAdfDjdYQOqUmkOfYi8yGevByH/YaYA0Tyc3F0JPcwShTe','2022-12-22','08197654321',0,NULL,'2022-12-22 06:45:28','2022-12-22 06:45:28'),(3,'Treva Gerhold MD','xklein@hotmail.com','$2y$10$gLusQG.tydybVBGyvZynB.G7j0nxQbreEC8.ehvkgmHyw3EzHjmsu','2022-12-22','+15204817930',0,NULL,'2022-12-22 06:45:29','2022-12-22 06:45:29'),(4,'Dr. Fannie Kihn V','qkihn@hotmail.com','$2y$10$ob.qZvb1HBCW2hpV4JNSnuVLh4hekaTQZoAg6jVtVziViyk6Cnsx2','2022-12-22','+18705665557',0,NULL,'2022-12-22 06:45:29','2022-12-22 06:45:29'),(5,'Mr. Andres Sipes','larson.graham@gmail.com','$2y$10$Q92HtC5L0mx/y/2vJ3W.ieQ89Fc5M.yrEpNvT3vDq4Cs2OGtspdCS','2022-12-22','+15745126269',0,NULL,'2022-12-22 06:45:29','2022-12-22 06:45:29'),(6,'Cassandre Rowe','kathlyn79@gmail.com','$2y$10$OrR5YuKRMG7Xrm/ukZMmk.PZqGxdZ4I9tGvWH6wI8Kv9kZC3hS9LK','2022-12-22','+12403279586',0,NULL,'2022-12-22 06:45:29','2022-12-22 06:45:29'),(7,'Brenden Stehr','keegan.goyette@yahoo.com','$2y$10$Bn8VW8T3nxD5Tr7twlJDWuKpHje3WvHoZYHgOALXchF.LBFOG5a0.','2022-12-22','+16153962519',0,NULL,'2022-12-22 06:45:29','2022-12-22 06:45:29'),(8,'Prof. Julio Lockman IV','mkautzer@gmail.com','$2y$10$zHIp3tAgPXwMj2RBktRJZuEGzP6m.3grj1eiVUTTtGaAxrUJqv7qa','2022-12-22','+19303068915',0,NULL,'2022-12-22 06:45:29','2022-12-22 06:45:29'),(9,'Kristoffer Steuber DDS','shana95@gmail.com','$2y$10$LQW1zWW5y2sm2yBoDM4SwOr/fXfNBUCLEqyhvvYDpcu9s4cBZL.EW','2022-12-22','+19097593899',0,NULL,'2022-12-22 06:45:29','2022-12-22 06:45:29'),(10,'Zita Fisher I','leatha21@hotmail.com','$2y$10$iOAIcr2lQIlmikxUdoPKs.SRAKnGv01CEIs0zgDnbqFbBiZltjNkG','2022-12-22','+16059640915',0,NULL,'2022-12-22 06:45:29','2022-12-22 06:45:29'),(11,'Prof. Garfield Swaniawski','erica00@yahoo.com','$2y$10$GXxZCr3Lej9/1oVdG73P0uvPgGOVS9hICxmVNwDZjnFHlPba3dUee','2022-12-22','+13803829072',0,NULL,'2022-12-22 06:45:29','2022-12-22 06:45:29'),(12,'Zena Weissnat','cruickshank.clarabelle@hotmail.com','$2y$10$khE.Il7OlsV6VdnF9QZW/ua3.ci1z757RbFGWzaCHFGaiX7dQ7Cdq','2022-12-22','+17625480255',0,NULL,'2022-12-22 06:45:29','2022-12-22 06:45:29');
/*!40000 ALTER TABLE `users` ENABLE KEYS */;
UNLOCK TABLES;

--
-- Table structure for table `watchlists`
--

DROP TABLE IF EXISTS `watchlists`;
/*!40101 SET @saved_cs_client     = @@character_set_client */;
/*!50503 SET character_set_client = utf8mb4 */;
CREATE TABLE `watchlists` (
  `id` bigint(20) unsigned NOT NULL AUTO_INCREMENT,
  `user_id` bigint(20) unsigned NOT NULL,
  `movie_id` bigint(20) unsigned NOT NULL,
  `status` varchar(255) NOT NULL,
  `created_at` timestamp NULL DEFAULT NULL,
  `updated_at` timestamp NULL DEFAULT NULL,
  PRIMARY KEY (`id`),
  KEY `watchlists_user_id_foreign` (`user_id`),
  KEY `watchlists_movie_id_foreign` (`movie_id`),
  CONSTRAINT `watchlists_movie_id_foreign` FOREIGN KEY (`movie_id`) REFERENCES `movies` (`id`) ON DELETE CASCADE,
  CONSTRAINT `watchlists_user_id_foreign` FOREIGN KEY (`user_id`) REFERENCES `users` (`id`) ON DELETE CASCADE
) ENGINE=InnoDB AUTO_INCREMENT=26 DEFAULT CHARSET=utf8mb4 COLLATE=utf8mb4_unicode_ci;
/*!40101 SET character_set_client = @saved_cs_client */;

--
-- Dumping data for table `watchlists`
--

LOCK TABLES `watchlists` WRITE;
/*!40000 ALTER TABLE `watchlists` DISABLE KEYS */;
INSERT INTO `watchlists` VALUES (1,6,21,'1','2022-12-22 06:45:29','2022-12-22 06:45:29'),(2,5,18,'2','2022-12-22 06:45:29','2022-12-22 06:45:29'),(3,9,23,'2','2022-12-22 06:45:29','2022-12-22 06:45:29'),(4,8,19,'0','2022-12-22 06:45:29','2022-12-22 06:45:29'),(5,7,19,'1','2022-12-22 06:45:29','2022-12-22 06:45:29'),(6,1,1,'1','2022-12-22 06:45:29','2022-12-22 06:45:29'),(7,7,10,'0','2022-12-22 06:45:29','2022-12-22 06:45:29'),(8,9,30,'1','2022-12-22 06:45:29','2022-12-22 06:45:29'),(9,9,36,'1','2022-12-22 06:45:29','2022-12-22 06:45:29'),(10,3,20,'1','2022-12-22 06:45:30','2022-12-22 06:45:30'),(11,5,18,'0','2022-12-22 06:45:30','2022-12-22 06:45:30'),(12,9,18,'1','2022-12-22 06:45:30','2022-12-22 06:45:30'),(13,3,34,'1','2022-12-22 06:45:30','2022-12-22 06:45:30'),(14,10,14,'0','2022-12-22 06:45:30','2022-12-22 06:45:30'),(15,9,28,'2','2022-12-22 06:45:30','2022-12-22 06:45:30'),(16,1,1,'0','2022-12-22 06:45:30','2022-12-22 06:45:30'),(17,6,20,'0','2022-12-22 06:45:30','2022-12-22 06:45:30'),(18,7,24,'0','2022-12-22 06:45:30','2022-12-22 06:45:30'),(19,3,27,'2','2022-12-22 06:45:30','2022-12-22 06:45:30'),(20,7,23,'2','2022-12-22 06:45:30','2022-12-22 06:45:30'),(21,7,23,'2','2022-12-22 06:45:30','2022-12-22 06:45:30'),(22,9,36,'1','2022-12-22 06:45:30','2022-12-22 06:45:30'),(23,9,38,'2','2022-12-22 06:45:30','2022-12-22 06:45:30'),(24,5,17,'0','2022-12-22 06:45:30','2022-12-22 06:45:30'),(25,7,17,'0','2022-12-22 06:45:30','2022-12-22 06:45:30');
/*!40000 ALTER TABLE `watchlists` ENABLE KEYS */;
UNLOCK TABLES;

--
-- Dumping routines for database 'movielist'
--
/*!40103 SET TIME_ZONE=@OLD_TIME_ZONE */;

/*!40101 SET SQL_MODE=@OLD_SQL_MODE */;
/*!40014 SET FOREIGN_KEY_CHECKS=@OLD_FOREIGN_KEY_CHECKS */;
/*!40014 SET UNIQUE_CHECKS=@OLD_UNIQUE_CHECKS */;
/*!40101 SET CHARACTER_SET_CLIENT=@OLD_CHARACTER_SET_CLIENT */;
/*!40101 SET CHARACTER_SET_RESULTS=@OLD_CHARACTER_SET_RESULTS */;
/*!40101 SET COLLATION_CONNECTION=@OLD_COLLATION_CONNECTION */;
/*!40111 SET SQL_NOTES=@OLD_SQL_NOTES */;

-- Dump completed on 2022-12-22 20:47:16
